-- phpMyAdmin SQL Dump
-- version 4.0.10.6
-- http://www.phpmyadmin.net
--
-- Хост: 127.0.0.1:3306
-- Час створення: Трв 22 2022 р., 12:04
-- Версія сервера: 5.5.41-log
-- Версія PHP: 5.3.29

SET SQL_MODE = "NO_AUTO_VALUE_ON_ZERO";
SET time_zone = "+00:00";


/*!40101 SET @OLD_CHARACTER_SET_CLIENT=@@CHARACTER_SET_CLIENT */;
/*!40101 SET @OLD_CHARACTER_SET_RESULTS=@@CHARACTER_SET_RESULTS */;
/*!40101 SET @OLD_COLLATION_CONNECTION=@@COLLATION_CONNECTION */;
/*!40101 SET NAMES utf8 */;

--
-- База даних: `ABOBA`
--

-- --------------------------------------------------------

--
-- Структура таблиці `Cart`
--

CREATE TABLE IF NOT EXISTS `Cart` (
  `id` int(11) NOT NULL AUTO_INCREMENT,
  `date` date NOT NULL,
  `time` time NOT NULL,
  `customer` int(11) NOT NULL,
  `status` text NOT NULL,
  PRIMARY KEY (`id`)
) ENGINE=InnoDB  DEFAULT CHARSET=utf8 AUTO_INCREMENT=22 ;

--
-- Дамп даних таблиці `Cart`
--

INSERT INTO `Cart` (`id`, `date`, `time`, `customer`, `status`) VALUES
(15, '2022-05-21', '12:32:28', 3, 'в обробці'),
(16, '2022-05-21', '12:43:16', 3, 'в обробці'),
(17, '2022-05-21', '12:54:14', 3, 'в обробці'),
(18, '2022-05-21', '02:42:32', 3, 'в обробці'),
(19, '2022-05-21', '02:47:47', 3, 'в обробці'),
(20, '2022-05-21', '03:20:50', 3, 'в обробці'),
(21, '2022-05-21', '05:57:52', 3, 'в обробці');

-- --------------------------------------------------------

--
-- Структура таблиці `CartItems`
--

CREATE TABLE IF NOT EXISTS `CartItems` (
  `idCart` int(11) NOT NULL,
  `idGood` int(11) NOT NULL,
  `count` int(11) NOT NULL,
  `price` int(11) NOT NULL,
  KEY `idCart` (`idCart`),
  KEY `idGood` (`idGood`)
) ENGINE=InnoDB DEFAULT CHARSET=utf8;

--
-- Дамп даних таблиці `CartItems`
--

INSERT INTO `CartItems` (`idCart`, `idGood`, `count`, `price`) VALUES
(15, 12, 2, 500),
(15, 9, 1, 1000),
(15, 11, 1, 900),
(15, 19, 1, 15000),
(15, 13, 1, 300),
(15, 15, 1, 15000),
(15, 16, 1, 12000),
(15, 17, 1, 11000),
(15, 18, 2, 19000),
(16, 12, 2, 500),
(16, 9, 1, 1000),
(16, 11, 1, 900),
(16, 19, 1, 15000),
(16, 13, 1, 300),
(16, 15, 1, 15000),
(16, 16, 1, 12000),
(16, 17, 1, 11000),
(16, 18, 2, 19000),
(17, 15, 1, 15000),
(17, 16, 1, 12000),
(18, 19, 1, 15000),
(18, 15, 2, 15000),
(18, 16, 2, 12000),
(18, 17, 2, 11000),
(18, 18, 1, 19000),
(19, 13, 1, 300),
(19, 12, 1, 500),
(20, 8, 5, 7200),
(20, 9, 4, 1000),
(20, 12, 3, 500),
(20, 11, 4, 900),
(20, 17, 4, 11000),
(20, 15, 7, 15000),
(20, 6, 2, 1500),
(20, 4, 3, 3500),
(20, 19, 5, 15000),
(20, 13, 4, 300),
(20, 16, 3, 12000),
(20, 7, 3, 7500),
(20, 5, 3, 2500),
(20, 18, 3, 19000),
(21, 13, 2, 300),
(21, 5, 10, 2500),
(21, 12, 2, 500);

-- --------------------------------------------------------

--
-- Структура таблиці `Category`
--

CREATE TABLE IF NOT EXISTS `Category` (
  `id` int(11) NOT NULL AUTO_INCREMENT,
  `Name` varchar(30) NOT NULL,
  PRIMARY KEY (`id`)
) ENGINE=InnoDB  DEFAULT CHARSET=utf8 AUTO_INCREMENT=5 ;

--
-- Дамп даних таблиці `Category`
--

INSERT INTO `Category` (`id`, `Name`) VALUES
(1, 'OS'),
(2, 'office software'),
(3, 'games'),
(4, 'multimedia');

-- --------------------------------------------------------

--
-- Структура таблиці `Goods`
--

CREATE TABLE IF NOT EXISTS `Goods` (
  `id` int(11) NOT NULL AUTO_INCREMENT,
  `title` varchar(30) NOT NULL,
  `text` text NOT NULL,
  `photoName` varchar(50) NOT NULL,
  `price` int(11) NOT NULL,
  `category` int(11) DEFAULT NULL,
  `photoType` varchar(6) NOT NULL,
  PRIMARY KEY (`id`),
  KEY `category` (`category`)
) ENGINE=InnoDB  DEFAULT CHARSET=utf8 AUTO_INCREMENT=27 ;

--
-- Дамп даних таблиці `Goods`
--

INSERT INTO `Goods` (`id`, `title`, `text`, `photoName`, `price`, `category`, `photoType`) VALUES
(4, 'Windows 11 pro', 'У Windows 11 pro є можливість віддаленого доступу до робочого столу, доданий новий браузер Edge, доданий голосовий помічник Кортана та багато іншого. Операційна система Windows 11 Pro відмінно підійде для просунутих користувачів, яким необхідні додаткові можливості, що відкриваються професійною версією. Системні вимоги - Процесор: 1 ГГц або швидше ОЗУ: 2 ГБ (для 64-розрядних систем). Простір на жорсткому диску: 20 ГБ. Графічний адаптер із підтримкою Microsoft DirectX 9 та драйвером WDDM.', '1', 3500, 1, 'png'),
(5, 'MS Windows 10 pro', 'Windows 10 об`єднує в собі сильні сторони Windows 8 і Windows 7. Її відрізняють прискорений запуск, звичне та навіть розширене меню «Пуск», абсолютно новий браузер і нові зручні способи роботи. Windows 10 Pro містить важливі функції для бізнесу - шифрування, віддалений вхід, створення віртуальних машин і багато іншого. Системні вимоги - Процесор: 1 ГГц або швидше ОЗП: 1 ГБ (для 32-розрядних систем) або 2 ГБ (для 64-розрядних систем) Простір на жорсткому диску: до 20 ГБ Графічний адаптер з підтримкою Microsoft DirectX 9 і драйвером WDDM Екран із роздільною здатністю 800 x 600 або вище', '2', 2500, 1, 'jpg'),
(6, 'MS Windows 8.1 pro', 'Microsoft Windows 8.1 Professional створена на основі Windows 8 і пропонує нові можливості для продуктивної роботи, розваг та інших завдань, виконуваних на комп`ютері. Microsoft Windows 8.1 Professional пропонує поліпшені програми, персоналізацію, пошук, Магазин Windows, хмарні підключення, а також безпеки і надійності, властиві Windows. Ці високопродуктивна операційна система призначена для роботи на пристроях з різними конструктивними характеристиками, зокрема на сенсорних пристроях нового покоління.', '3', 1500, 1, 'png'),
(7, 'MS Office 2016 proffesional pl', 'Офісне додаток Microsoft Office 2016 Professional plus (32/64-bit Multi-Language) ESD (269-17064) Важливо: електронний ключ (ESD) не має прив`язки до персонального комп`ютера користувача, допускається повторна інсталяція ПЗ на іншому ПК. Поставка у вигляді цифрового коду на e-mail, завантаження дистрибутиву здійснюється з офіційного веб-сайту Microsoft. Даний продукт передбачає установку на 1 ПК. Багатомовна версія.', '4', 7500, 2, 'png'),
(8, 'MS Office 2021 proffesional', 'Microsoft Office 2021 Professional - офісний пакет, що надає ефективну платформу для бізнес-комунікацій і спільної роботи. Переваги, якими забезпечує даний продукт, дають більше можливостей для зростання продуктивності і використання розширених технічних служб. Склад пакету: Word, Excel, PowerPoint, OneNote, Outlook, Publisher, Access, Skype for Business. Системні вимоги - Процессор: 1 ГГц или быстрее ОЗУ: 1 ГБ (для 32-разрядных систем) или 2 ГБ (для 64-разрядных систем). Пространство на жестком диске: до 10 ГБ. ОС не ниже Windows 10.', '5', 7200, 2, 'png'),
(9, 'iWork', 'iWork Документи, електронні таблиці та презентації. З найкращими думками кожного. Pages, Numbers і Keynote — найкращі способи створювати чудові роботи. Шаблони та інструменти дизайну дозволяють легко розпочати роботу. Ви навіть можете додавати ілюстрації та позначення за допомогою Apple Pencil на своєму iPad. А завдяки співпраці в режимі реального часу ваша команда може працювати разом, незалежно від того, чи користуєтеся вони Mac, iPad чи iPhone чи ПК.', '11', 1000, 2, 'jpg'),
(11, 'The Witcher 3 Wild Hunt', 'The Witcher 3: Wild Hunt - це сюжетноорієнтована рольова гра нового покоління, дія якої розгортається у відкритому і красивому фентезійному світі, повному складних рішень і масштабних наслідків. У «Відьмаку» ви граєте роль Геральта з Рівії, члена вимираючої касти мисливців на монстрів. Вам належить вирушити в епічну пригоду в спустошений війною світ і зіткнутися з ворогом, страшніше за яке людство ще просто не знало — Диким Гоном.', '12', 900, 3, 'png'),
(12, 'The Elder Scrolls V: Skyrim', 'The Elder Scrolls V: Skyrim (з англ. Стародавні Сувої V: Скайрим; також The Elder Scrolls V або Skyrim; скорочено TESV: Skyrim або TESV) — рольова відеогра, розроблена Bethesda Game Studios і опублікована Bethesda Softworks. Це п`ята гра в серії The Elder Scrolls, попередньою була The Elder Scrolls IV: Oblivion.', '13', 500, 3, 'jpg'),
(13, 'Far Cry 3', 'Far Cry 3 — відеогра в жанрі відкритий світ, FPS з елементами RPG, третя (не враховуючи аддонів та спін-оффів) гра з однойменної серії ігор. «Far Cry 3» розроблена для IBM PC-сумісних комп`ютерів (під керуванням операційних систем сімейства Microsoft Windows) та ігрових приставок Xbox 360 і PlayStation 3 трьома студіями, що входять до складу компанії Ubisoft: Ubisoft Montreal, Ubisoft Shanghai, а також Ubisoft Massive. Офіційним видавцем «Far Cry 3» також є компанія Ubisoft. Гра вийшла 29 листопада 2012. У грі використовується оновлена версія ігрового рушія Dunia Engine, який використовувався в «Far Cry 2».', '14', 300, 3, 'jpg'),
(15, 'Sony Vegas Pro 16', 'Sony vegas pro 16 — це програма для редагування відеофайлів, відео- та аудіо-монтажу та створення кліпів. Програма містить потужний пакет інструментів для роботи з відеоконтентом та музичними треками.', '6', 15000, 4, 'png'),
(16, 'Sony Vegas Pro 13', 'Sony Vegas Pro 13 - це професійна програма для обробки цифрового відео контенту, що дозволяє проводити нелінійний монтаж аудіоматеріалів і відео на декількох доріжках. У пакет Vegas Pro 13 входить програма DVD Architect ™ Pro для запису Blu-Ray і DVD дисків. Sony Vegas Pro 13 допоможе записати і відредагувати цифрове відео: від відеокліпу до фільму. Це потужний медіа комплекс поєднує в собі настроюється інтуїтивно зрозумілий інтерфейс з неперевершеною професійністю і відмінною якістю вихідних матеріалів. Vegas Pro підтримує набір інструментів для деталізації і точної настройки параметрів відео і аудіо. Гнучкість в обрізанні та панорамуванні відео, можливість додавання в проект необмеженої кількості звукових і візуальних фрагментів, а також інструмент корекції. Sony Vegas Pro 13 підтримує більшість сучасних відеоформатів, об`ємний звук, дозвіл зображення до 1 гігапікселя і дозвіл кадру до 4K (4096x4096). Працює з будь-якими пропорціями зображень, дозволяючи користувачам додавати в один проект фрагменти різного розміру і дозволу.', '7', 12000, 4, 'jpg'),
(17, 'Adobe Photoshop CC 2019', 'Adobe Photoshop CC - найкраща у світі програма для дизайну та обробки зображень, а нова версія Photoshop CC, втілить будь-які ваші ідеї. Створюйте та покращуйте фотографії, ілюстрації та графічні 3D-об`єкти. Розробляйте дизайн веб-сайтів та мобільних додатків. Редагуйте відео, моделюйте живі картини тощо. Тепер у вас є все необхідне для реалізації будь-яких ідей. Photoshop входить до пакету Creative Cloud, тому всі ресурси, включаючи Adobe Stock, доступні в програмі. Кисті, зображення, кольори та стилі символів синхронізуються на настільних ПК та мобільних пристроях. Необхідні інструменти для втілення ідей та створення вражаючої графіки завжди у вас під рукою.', '8', 11000, 4, 'jpg'),
(18, 'Adobe Photoshop CS6', 'Adobe Photoshop CS6 – досконалий у своєму роді інструмент, призначений для якісної та швидкої обробки графічних зображень. Нова версія популярної у всьому світі програми Adobe Photoshop вражає своїм великим функціоналом, реалізованим за рахунок впровадження витончених технологій та раціоналізованих методів.', '9', 19000, 4, 'jpg'),
(19, 'Adobe Illustrator CC 2020', 'З Adobe Illustrator ви можете розробляти яскраві Векторні ілюстрації для будь-якого проекту. По всьому світу професіонали у сфері дизайну віддають перевагу програмі Adobe Illustrator за неперевершену точність та функціональність покращених засобів малювання, зручні та креативні пензлі, розширений асортимент інструментів, що дає змогу заощадити час.', '10', 15000, 4, 'jpg');

-- --------------------------------------------------------

--
-- Структура таблиці `Statistic`
--

CREATE TABLE IF NOT EXISTS `Statistic` (
  `id` int(11) NOT NULL,
  `count` int(11) DEFAULT '0',
  PRIMARY KEY (`id`)
) ENGINE=InnoDB DEFAULT CHARSET=utf8;

--
-- Дамп даних таблиці `Statistic`
--

INSERT INTO `Statistic` (`id`, `count`) VALUES
(1, 59),
(2, 12),
(3, 35),
(4, 39);

-- --------------------------------------------------------

--
-- Структура таблиці `USER`
--

CREATE TABLE IF NOT EXISTS `USER` (
  `id` int(11) NOT NULL AUTO_INCREMENT,
  `login` varchar(30) NOT NULL,
  `password` varchar(40) NOT NULL,
  `email` varchar(100) NOT NULL,
  `privilege` int(11) DEFAULT '0',
  PRIMARY KEY (`id`),
  UNIQUE KEY `login` (`login`)
) ENGINE=InnoDB  DEFAULT CHARSET=utf8 AUTO_INCREMENT=5 ;

--
-- Дамп даних таблиці `USER`
--

INSERT INTO `USER` (`id`, `login`, `password`, `email`, `privilege`) VALUES
(3, 'admin', 'b6589fc6ab0dc82cf12099d1c2d40ab994e8410c', 'test@test.com', 1),
(4, 'user1', 'b6589fc6ab0dc82cf12099d1c2d40ab994e8410c', 'test@test.ua', 0);

--
-- Обмеження зовнішнього ключа збережених таблиць
--

--
-- Обмеження зовнішнього ключа таблиці `CartItems`
--
ALTER TABLE `CartItems`
  ADD CONSTRAINT `cartitems_ibfk_1` FOREIGN KEY (`idCart`) REFERENCES `Cart` (`id`),
  ADD CONSTRAINT `cartitems_ibfk_2` FOREIGN KEY (`idGood`) REFERENCES `Goods` (`id`);

--
-- Обмеження зовнішнього ключа таблиці `Goods`
--
ALTER TABLE `Goods`
  ADD CONSTRAINT `goods_ibfk_1` FOREIGN KEY (`category`) REFERENCES `Category` (`id`);

--
-- Обмеження зовнішнього ключа таблиці `Statistic`
--
ALTER TABLE `Statistic`
  ADD CONSTRAINT `statistic_ibfk_1` FOREIGN KEY (`id`) REFERENCES `Category` (`id`);

/*!40101 SET CHARACTER_SET_CLIENT=@OLD_CHARACTER_SET_CLIENT */;
/*!40101 SET CHARACTER_SET_RESULTS=@OLD_CHARACTER_SET_RESULTS */;
/*!40101 SET COLLATION_CONNECTION=@OLD_COLLATION_CONNECTION */;
